<Limits>
  <ML01TPHCellLowerTextBox>300</ML01TPHCellLowerTextBox>
  <ML01TPHCellUpperTextBox>320</ML01TPHCellUpperTextBox>
  <ML01CurrentCellLowerTextBox>92</ML01CurrentCellLowerTextBox>
  <ML01CurrentCellUpperTextBox>96</ML01CurrentCellUpperTextBox>
  <ML01SoundCellLowerTextBox>83</ML01SoundCellLowerTextBox>
  <ML01SoundCellUpperTextBox>87</ML01SoundCellUpperTextBox>
  <ML01DensityCellLowerTextBox>72</ML01DensityCellLowerTextBox>
  <ML01DensityCellUpperTextBox>85</ML01DensityCellUpperTextBox>
  <CY04PressureCellLowerTextBox>73</CY04PressureCellLowerTextBox>
  <CY04PressureCellUpperTextBox>83</CY04PressureCellUpperTextBox>
  <CY04DensityCellLowerTextBox>65</CY04DensityCellLowerTextBox>
  <CY04DensityCellUpperTextBox>72</CY04DensityCellUpperTextBox>
  <ML04PowerCellLowerTextBox>4930</ML04PowerCellLowerTextBox>
  <ML04PowerCellUpperTextBox>10000</ML04PowerCellUpperTextBox>
  <CY06PressureCellLowerTextBox>120</CY06PressureCellLowerTextBox>
  <CY06PressureCellUpperTextBox>150</CY06PressureCellUpperTextBox>
  <CY06DensityCellLowerTextBox>50</CY06DensityCellLowerTextBox>
  <CY06DensityCellUpperTextBox>56</CY06DensityCellUpperTextBox>
  <ML06PowerCellLowerTextBox>1420</ML06PowerCellLowerTextBox>
  <ML06PowerCellUpperTextBox>10000</ML06PowerCellUpperTextBox>
  <TK36DensityCellLowerTextBox>33</TK36DensityCellLowerTextBox>
  <TK36DensityCellUpperTextBox>38</TK36DensityCellUpperTextBox>
  <FT27PressureCellLowerTextBox>80</FT27PressureCellLowerTextBox>
  <FT27PressureCellUpperTextBox>155</FT27PressureCellUpperTextBox>
  <FinalConCellLowerTextBox>32.5</FinalConCellLowerTextBox>
  <FinalConCellUpperTextBox>34.5</FinalConCellUpperTextBox>
  <FloatFeedCellLowerTextBox>0.10</FloatFeedCellLowerTextBox>
  <FloatFeedCellUpperTextBox>0.24</FloatFeedCellUpperTextBox>
  <FlashFloatConCellLowerTextBox>30</FlashFloatConCellLowerTextBox>
  <FlashFloatConCellUpperTextBox>33</FlashFloatConCellUpperTextBox>
  <FinalTailCellLowerTextBox>0.05</FinalTailCellLowerTextBox>
  <FinalTailCellUpperTextBox>0.11</FinalTailCellUpperTextBox>
  <CY01DensityCellLowerTextBox>30</CY01DensityCellLowerTextBox>
  <CY01DensityCellUpperTextBox>40</CY01DensityCellUpperTextBox>
  <CY02PressureCellLowerTextBox>85</CY02PressureCellLowerTextBox>
  <CY02PressureCellUpperTextBox>99</CY02PressureCellUpperTextBox>
  <CY02DensityCellLowerTextBox>65</CY02DensityCellLowerTextBox>
  <CY02DensityCellUpperTextBox>73</CY02DensityCellUpperTextBox>
  <ML02PowerCellLowerTextBox>2900</ML02PowerCellLowerTextBox>
  <ML02PowerCellUpperTextBox>2940</ML02PowerCellUpperTextBox>
  <CY05PressureCellLowerTextBox>90</CY05PressureCellLowerTextBox>
  <CY05PressureCellUpperTextBox>125</CY05PressureCellUpperTextBox>
  <CY05DensityCellLowerTextBox>50</CY05DensityCellLowerTextBox>
  <CY05DensityCellUpperTextBox>56</CY05DensityCellUpperTextBox>
  <ML05PowerCellLowerTextBox>1030</ML05PowerCellLowerTextBox>
  <ML05PowerCellUpperTextBox>10000</ML05PowerCellUpperTextBox>
  <TK30DensityCellLowerTextBox>33</TK30DensityCellLowerTextBox>
  <TK30DensityCellUpperTextBox>38</TK30DensityCellUpperTextBox>
  <FT13PressureCellLowerTextBox>80</FT13PressureCellLowerTextBox>
  <FT13PressureCellUpperTextBox>155</FT13PressureCellUpperTextBox>
  <CV06P80CellLowerTextBox>32</CV06P80CellLowerTextBox>
  <CV06P80CellUpperTextBox>40</CV06P80CellUpperTextBox>
  <FlotFeedDensityCellLowerTextBox>100</FlotFeedDensityCellLowerTextBox>
  <FlotFeedDensityCellUpperTextBox>150</FlotFeedDensityCellUpperTextBox>
</Limits>