<Limits>
  <ML03TPHCellLowerTextBox>508</ML03TPHCellLowerTextBox>
  <ML03TPHCellUpperTextBox>510</ML03TPHCellUpperTextBox>
  <ML03CurrentCellLowerTextBox>94</ML03CurrentCellLowerTextBox>
  <ML03CurrentCellUpperTextBox>98</ML03CurrentCellUpperTextBox>
  <ML03SoundCellLowerTextBox>81</ML03SoundCellLowerTextBox>
  <ML03SoundCellUpperTextBox>85</ML03SoundCellUpperTextBox>
  <ML03DensityCellLowerTextBox>72</ML03DensityCellLowerTextBox>
  <ML03DensityCellUpperTextBox>85</ML03DensityCellUpperTextBox>
  <CY04PressureCellLowerTextBox>73</CY04PressureCellLowerTextBox>
  <CY04PressureCellUpperTextBox>83</CY04PressureCellUpperTextBox>
  <CY04DensityCellLowerTextBox>65</CY04DensityCellLowerTextBox>
  <CY04DensityCellUpperTextBox>72</CY04DensityCellUpperTextBox>
  <ML04PowerCellLowerTextBox>4930</ML04PowerCellLowerTextBox>
  <ML04PowerCellUpperTextBox>4960</ML04PowerCellUpperTextBox>
  <CY06PressureCellLowerTextBox>120</CY06PressureCellLowerTextBox>
  <CY06PressureCellUpperTextBox>150</CY06PressureCellUpperTextBox>
  <CY06DensityCellLowerTextBox>50</CY06DensityCellLowerTextBox>
  <CY06DensityCellUpperTextBox>56</CY06DensityCellUpperTextBox>
  <ML06PowerCellLowerTextBox>1420</ML06PowerCellLowerTextBox>
  <ML06PowerCellUpperTextBox>10000</ML06PowerCellUpperTextBox>
  <TK36DensityCellLowerTextBox>33</TK36DensityCellLowerTextBox>
  <TK36DensityCellUpperTextBox>38</TK36DensityCellUpperTextBox>
  <FT27PressureCellLowerTextBox>80</FT27PressureCellLowerTextBox>
  <FT27PressureCellUpperTextBox>155</FT27PressureCellUpperTextBox>
  <FinalConCellLowerTextBox>32.5</FinalConCellLowerTextBox>
  <FinalConCellUpperTextBox>34.5</FinalConCellUpperTextBox>
  <FloatFeedCellLowerTextBox>0.10</FloatFeedCellLowerTextBox>
  <FloatFeedCellUpperTextBox>0.24</FloatFeedCellUpperTextBox>
  <FlashFloatConCellLowerTextBox>30</FlashFloatConCellLowerTextBox>
  <FlashFloatConCellUpperTextBox>33</FlashFloatConCellUpperTextBox>
  <FinalTailCellLowerTextBox>0.05</FinalTailCellLowerTextBox>
  <FinalTailCellUpperTextBox>0.11</FinalTailCellUpperTextBox>
  <CV06P80CellLowerTextBox>32</CV06P80CellLowerTextBox>
  <CV06P80CellUpperTextBox>40</CV06P80CellUpperTextBox>
  <FlotFeedDensityCellLowerTextBox>100</FlotFeedDensityCellLowerTextBox>
  <FlotFeedDensityCellUpperTextBox>150</FlotFeedDensityCellUpperTextBox>
</Limits>